scenario_id,reviewer_id,review_round,oracle_decision,intent_preserved,complete_artifact_tree,no_unjustified_content,syntactically_valid,compilation_result,tests_result,assigned_mapping,assigned_change_type,comments,reviewed_at_utc
scenario_1,codex_reviewer_1,1,accept,yes,yes,yes,yes,not_run,not_applicable,1:1,structural,"Client consistently resolves the competing class renames across filename, declaration, constructor, and textual representation.",2026-08-12T15:00:36Z
scenario_2,codex_reviewer_1,1,accept,yes,yes,yes,yes,not_run,not_applicable,1:1,structural,The oracle retains the phone field/API and incorporates the right-side default value without importing the competing number rename.,2026-08-12T15:00:36Z
scenario_3,codex_reviewer_1,1,accept,yes,yes,yes,yes,not_run,not_applicable,1:1,structural,getNumber and setNumber are applied consistently to the existing phone field and match the selected right-side resolution.,2026-08-12T15:00:36Z
scenario_4,codex_reviewer_1,1,accept,yes,yes,yes,yes,not_run,not_applicable,1:1,structural,Retaining the ancestral String representation is a coherent explicit resolution of the incompatible Float and int type changes.,2026-08-12T15:00:36Z
scenario_5,codex_reviewer_1,1,accept,yes,yes,yes,yes,not_run,not_applicable,1:1,structural,The complete Person artifact is retained as required when the other branch empties the file.,2026-08-12T15:00:36Z
scenario_6,codex_reviewer_1,1,accept,yes,yes,yes,yes,not_run,not_applicable,1:1,structural,Both branches add the same Person implementation and the oracle reproduces that addition exactly.,2026-08-12T15:00:36Z
scenario_7,codex_reviewer_1,1,accept,yes,yes,yes,yes,not_run,not_applicable,1:1,structural,"The oracle applies the selected email removal consistently to the field, constructor, and accessors while retaining name state.",2026-08-12T15:00:36Z
scenario_8,codex_reviewer_1,1,accept,yes,yes,yes,yes,not_run,not_applicable,1:1,structural,"Email and phone additions are represented consistently in fields, constructor parameters, assignments, and accessors.",2026-08-12T15:00:36Z
scenario_9,codex_reviewer_1,1,accept,yes,yes,yes,yes,not_run,not_applicable,1:1,structural,Only the selected textual representation method is removed; the Person data fields and accessors remain intact.,2026-08-12T15:00:36Z
scenario_10,codex_reviewer_1,1,needs_revision,yes,yes,no,yes,not_run,not_applicable,1:1,structural,"The complete API matches the stated merge intent, but the four-argument constructor is absent from base, left, and right; add branch evidence or revise the oracle/acceptance criterion.",2026-08-12T15:00:36Z
scenario_11,codex_reviewer_1,1,accept,yes,yes,yes,yes,not_run,not_applicable,1:1,behavioral,The UserService workflow integrates right-side validation on create/update with left-side Builder creation and status-aware persistence.,2026-08-12T15:00:36Z
scenario_12,codex_reviewer_1,1,needs_revision,no,no,yes,yes,not_run,not_applicable,1:N,behavioral,"OrderService references AuditLogger and four validator classes introduced by the branches, but all five required helper artifacts are absent from the oracle tree; include them with corrected filenames/types.",2026-08-12T15:00:36Z
scenario_13,codex_reviewer_1,1,accept,yes,yes,yes,yes,not_run,not_applicable,1:N,structural,The oracle consistently selects the right-side decomposition of Person into Individual and ContactInfo over the competing People rename.,2026-08-12T15:00:36Z
scenario_14,codex_reviewer_1,1,accept,yes,yes,yes,yes,not_run,not_applicable,1:N,structural,PersonalInfo and ContactDetails form a complete and internally consistent selected decomposition; the competing fullName representation is not mixed into it.,2026-08-12T15:00:36Z
scenario_15,codex_reviewer_1,1,needs_revision,no,yes,yes,yes,not_run,not_applicable,1:N,structural,"The decomposition is complete, but the left-side getPhoneNumber/setPhoneNumber rename is not propagated to ContactInfo; the oracle is currently identical to the right branch.",2026-08-12T15:00:36Z
scenario_16,codex_reviewer_1,1,accept,yes,yes,yes,yes,not_run,not_applicable,1:N,structural,ContactData cleanly extracts email and PhoneNumber while Person retains identity fields; the selected type change is represented without the left branch's syntax defect.,2026-08-12T15:00:36Z
scenario_17,codex_reviewer_1,1,needs_revision,no,yes,yes,no,not_run,not_applicable,1:N,structural,Person.java declares and constructs public type PersonIdentity. This violates the Java filename/type contract and contradicts the stated intent to retain Person; rename the file or the type consistently.,2026-08-12T15:00:36Z
scenario_18,codex_reviewer_1,1,accept,yes,yes,yes,yes,not_run,not_applicable,1:N,structural,The empty base is resolved into the complete right-side PersonBasicInfo and PersonContactInfo addition.,2026-08-12T15:00:36Z
scenario_19,codex_reviewer_1,1,accept,yes,yes,yes,yes,not_run,not_applicable,1:N,structural,The oracle propagates the address removal while preserving name in CoreInfo and placing email/phone in ExtendedInfo.,2026-08-12T15:00:36Z
scenario_20,codex_reviewer_1,1,accept,yes,yes,yes,yes,not_run,not_applicable,1:N,structural,"The added email, phone, and socialMedia state is preserved through the PersonId/PersonContact decomposition.",2026-08-12T15:00:36Z
scenario_21,codex_reviewer_1,1,needs_revision,no,yes,yes,yes,not_run,not_applicable,1:N,structural,"The left branch removes birthDate, but the oracle retains birthDate in Identity; propagate the removal through the decomposition or document a non-circular resolution criterion.",2026-08-12T15:00:36Z
scenario_22,codex_reviewer_1,1,accept,yes,yes,yes,yes,not_run,not_applicable,1:N,structural,The oracle preserves right-side BasicPerson/ExtendedPerson and correctly propagates the left-side nationality addition to ExtendedPerson.,2026-08-12T15:00:36Z
scenario_23,codex_reviewer_1,1,accept,yes,yes,yes,yes,not_run,not_applicable,1:N,behavioral,"The full strategy artifact set is present and NotificationService combines strategy dispatch with logging, unsupported-type handling, and exception logging.",2026-08-12T15:00:36Z
scenario_24,codex_reviewer_1,1,needs_revision,no,yes,yes,yes,not_run,not_applicable,N:N,structural,"The oracle combines Client from the left with Location from the right but drops city entirely, although city exists in base and left Address and is moved to right Individual; preserve city in the resolved model.",2026-08-12T15:00:36Z
scenario_25,codex_reviewer_1,1,accept,yes,yes,yes,yes,not_run,not_applicable,N:N,structural,The oracle applies the selected Person-to-User reorganization while retaining the complete ancestral Contact representation instead of the reduced PhoneContact.,2026-08-12T15:00:36Z
scenario_26,codex_reviewer_1,1,needs_revision,yes,yes,yes,no,not_run,not_applicable,N:N,structural,"The selected Customer and Order field changes are preserved, but Custumer.java declares public class Customer; rename the file to Customer.java consistently across the oracle metadata and tree.",2026-08-12T15:00:36Z
scenario_27,codex_reviewer_1,1,accept,yes,yes,yes,yes,not_run,not_applicable,N:N,structural,Division and Worker consistently implement the selected coupled reorganization and also eliminate the ancestral Departament.java filename/type mismatch.,2026-08-12T15:00:36Z
scenario_28,codex_reviewer_1,1,accept,yes,yes,yes,yes,not_run,not_applicable,N:N,structural,The oracle consistently applies the left-side Person removal and retains Address rather than adopting the competing DetailedAddress/Profile tree.,2026-08-12T15:00:36Z
scenario_29,codex_reviewer_1,1,accept,yes,yes,yes,yes,not_run,not_applicable,N:N,structural,Employee is deliberately retained while the selected Organization and Position artifacts from the right-side decomposition are incorporated.,2026-08-12T15:00:36Z
scenario_30,codex_reviewer_1,1,accept,yes,yes,yes,yes,not_run,not_applicable,N:N,structural,The oracle consistently selects the left-side Contact/Person model and its email removal over the competing User/UserContact reorganization.,2026-08-12T15:00:36Z
scenario_31,codex_reviewer_1,1,needs_revision,no,yes,yes,yes,not_run,not_applicable,N:N,structural,The oracle is identical to the right branch and does not propagate the left additions Customer.email and Order.orderDate into Client and Purchase; add their resolved counterparts or justify their removal.,2026-08-12T15:00:36Z
scenario_32,codex_reviewer_1,1,needs_revision,no,yes,yes,yes,not_run,not_applicable,N:N,structural,"Retaining only Course and StudentDetails loses student identity (id and name/fullName), which remains in left Student and right Learner; preserve an identity artifact in the oracle.",2026-08-12T15:00:36Z
scenario_33,codex_reviewer_1,1,accept,yes,yes,yes,yes,not_run,not_applicable,N:N,structural,The oracle consistently selects left-side User/Profile and preserves both email and joinDate additions over the competing Account/UserProfile/UserPreferences model.,2026-08-12T15:00:36Z
scenario_34,codex_reviewer_1,1,needs_revision,no,yes,yes,yes,not_run,not_applicable,1:1,behavioral,The oracle is identical to the right branch and discards the left premium price tiers; combine the tiered calculation with the MAX_DISCOUNT cap to preserve both compatible behavioral changes.,2026-08-12T15:00:36Z
scenario_35,codex_reviewer_1,1,accept,yes,yes,yes,yes,not_run,not_applicable,1:1,behavioral,The 18..150 constraint subsumes the left non-negative constraint and coherently resolves both validation changes.,2026-08-12T15:00:36Z
scenario_36,codex_reviewer_1,1,accept,yes,yes,yes,yes,not_run,not_applicable,N:N,behavioral,The oracle preserves singleton access/reset while adding the public driver-aware constructor and complete factory API required by the right branch.,2026-08-12T15:00:36Z
scenario_37,codex_reviewer_1,1,accept,yes,yes,yes,yes,not_run,not_applicable,1:N,behavioral,"LinkedHashSet preserves uniqueness and deterministic order, while separate defensive list and set views resolve the incompatible getMembers return types.",2026-08-12T15:00:36Z
scenario_38,codex_reviewer_1,1,accept,yes,yes,yes,yes,not_run,not_applicable,N:N,behavioral,"Configurable error handling preserves both exception and boolean modes; username, email, password, business, logging, and range validations from both branches are integrated.",2026-08-12T15:00:36Z
scenario_39,codex_reviewer_1,1,needs_revision,no,yes,no,yes,not_run,not_applicable,N:N,behavioral,"Recurring setup occurs after total calculation, so changed billing cycles/payment methods do not affect the calculated fees and discounts for the current order. The oracle also invents undocumented cross-system policies (10% compromise tax, hybrid discount bonus, tier-based credit limits/upgrades); specify acceptance rules and reorder processing before using it as ground truth.",2026-08-12T15:00:36Z
scenario_1,codex_reviewer_2,1,accept,yes,yes,yes,yes,not_run,not_applicable,1:1,structural,"Cross-review confirms that Client is applied consistently to the filename, declaration, constructor, and textual representation.",2026-08-12T15:09:54Z
scenario_2,codex_reviewer_2,1,accept,yes,yes,yes,yes,not_run,not_applicable,1:1,structural,The oracle keeps the phone API and incorporates the right-side default value without mixing in the competing number rename.,2026-08-12T15:09:54Z
scenario_3,codex_reviewer_2,1,accept,yes,yes,yes,yes,not_run,not_applicable,1:1,structural,getNumber and setNumber consistently implement the selected accessor-name resolution over the existing phone field.,2026-08-12T15:09:54Z
scenario_4,codex_reviewer_2,1,accept,yes,yes,yes,yes,not_run,not_applicable,1:1,structural,Keeping the ancestral String representation is the stated coherent resolution of the incompatible Float and int changes.,2026-08-12T15:09:54Z
scenario_5,codex_reviewer_2,1,accept,yes,yes,yes,yes,not_run,not_applicable,1:1,structural,The complete Person artifact is retained according to the stated resolution when the left branch removes its contents.,2026-08-12T15:09:54Z
scenario_6,codex_reviewer_2,1,accept,yes,yes,yes,yes,not_run,not_applicable,1:1,structural,Both branches add the same Person implementation and the oracle reproduces the complete addition.,2026-08-12T15:09:54Z
scenario_7,codex_reviewer_2,1,accept,yes,yes,yes,yes,not_run,not_applicable,1:1,structural,"Email removal is propagated through the field, constructor, and accessors while the selected name state remains intact.",2026-08-12T15:09:54Z
scenario_8,codex_reviewer_2,1,accept,yes,yes,yes,yes,not_run,not_applicable,1:1,structural,"The compatible email and phone additions are represented in fields, constructor arguments, assignments, and accessors.",2026-08-12T15:09:54Z
scenario_9,codex_reviewer_2,1,accept,yes,yes,yes,yes,not_run,not_applicable,1:1,structural,The oracle removes only the selected textual representation and retains the Person data API.,2026-08-12T15:09:54Z
scenario_10,codex_reviewer_2,1,needs_revision,yes,yes,no,yes,not_run,not_applicable,1:1,structural,"The four-argument constructor in the oracle has no source in base, left, or right; revise the oracle or add non-circular evidence that authorizes this invented API.",2026-08-12T15:09:54Z
scenario_11,codex_reviewer_2,1,accept,yes,yes,yes,yes,not_run,not_applicable,1:1,behavioral,The oracle combines Builder-based creation and status persistence with Validator-based create and update checks.,2026-08-12T15:09:54Z
scenario_12,codex_reviewer_2,1,needs_revision,no,no,yes,yes,not_run,not_applicable,1:N,behavioral,"OrderService depends on AuditLogger and four validator classes supplied by the branches, but all five helper artifacts are absent; include them and correct the source filename/type inconsistencies.",2026-08-12T15:09:54Z
scenario_13,codex_reviewer_2,1,accept,yes,yes,yes,yes,not_run,not_applicable,1:N,structural,The selected decomposition into Individual and ContactInfo is complete and internally consistent; the competing whole-class rename cannot coexist without replacing the chosen identity type.,2026-08-12T15:09:54Z
scenario_14,codex_reviewer_2,1,needs_revision,no,yes,yes,yes,not_run,not_applicable,1:N,structural,"Contrary to the first review, the left-side name-to-fullName change can be propagated directly to PersonalInfo, but the oracle copies the right decomposition with name/getName/setName unchanged.",2026-08-12T15:09:54Z
scenario_15,codex_reviewer_2,1,needs_revision,no,yes,yes,yes,not_run,not_applicable,1:N,structural,The left-side getPhoneNumber/setPhoneNumber rename is compatible with the decomposition but is not propagated to ContactInfo; the oracle is identical to the right branch.,2026-08-12T15:09:54Z
scenario_16,codex_reviewer_2,1,accept,yes,yes,yes,yes,not_run,not_applicable,1:N,structural,"ContactData receives the selected PhoneNumber representation while Person retains identity state, avoiding the left branch's apparent syntax defect.",2026-08-12T15:09:54Z
scenario_17,codex_reviewer_2,1,needs_revision,no,yes,yes,no,not_run,not_applicable,1:N,structural,"Person.java declares and constructs public type PersonIdentity, violating the Java filename/type contract and failing the stated decision to retain Person consistently.",2026-08-12T15:09:54Z
scenario_18,codex_reviewer_2,1,accept,yes,yes,yes,yes,not_run,not_applicable,1:N,structural,The empty base is resolved into the complete PersonBasicInfo and PersonContactInfo decomposition selected from the right branch.,2026-08-12T15:09:54Z
scenario_19,codex_reviewer_2,1,accept,yes,yes,yes,yes,not_run,not_applicable,1:N,structural,Address removal is preserved while name is restored in CoreInfo and the contact fields remain in ExtendedInfo.,2026-08-12T15:09:54Z
scenario_20,codex_reviewer_2,1,accept,yes,yes,yes,yes,not_run,not_applicable,1:N,structural,"The email, phone, and social-media additions are preserved across the PersonId and PersonContact decomposition.",2026-08-12T15:09:54Z
scenario_21,codex_reviewer_2,1,needs_revision,no,yes,yes,yes,not_run,not_applicable,1:N,structural,"The left branch removes birthDate, but the oracle retains birthDate in Identity; propagate the removal through the selected decomposition.",2026-08-12T15:09:54Z
scenario_22,codex_reviewer_2,1,accept,yes,yes,yes,yes,not_run,not_applicable,1:N,structural,The right-side BasicPerson/ExtendedPerson split is retained and the compatible left-side nationality addition is propagated to ExtendedPerson.,2026-08-12T15:09:54Z
scenario_23,codex_reviewer_2,1,accept,yes,yes,yes,yes,not_run,not_applicable,1:N,behavioral,"The complete strategy artifact set is present and dispatch is coherently combined with logging, unsupported-type handling, and exception logging.",2026-08-12T15:09:54Z
scenario_24,codex_reviewer_2,1,needs_revision,no,yes,yes,yes,not_run,not_applicable,N:N,structural,"The oracle combines Client and Location but drops city, although city exists in base and left Address and is moved to right Individual; preserve it in the resolved model.",2026-08-12T15:09:54Z
scenario_25,codex_reviewer_2,1,accept,yes,yes,yes,yes,not_run,not_applicable,N:N,structural,The Person-to-User reorganization is selected while the complete ancestral Contact representation replaces the narrower PhoneContact artifact.,2026-08-12T15:09:54Z
scenario_26,codex_reviewer_2,1,needs_revision,yes,yes,yes,no,not_run,not_applicable,N:N,structural,"The selected Customer and Order field changes are present, but Custumer.java declares public class Customer; make the filename, public type, manifest, and oracle tree consistent.",2026-08-12T15:09:54Z
scenario_27,codex_reviewer_2,1,accept,yes,yes,yes,yes,not_run,not_applicable,N:N,structural,Division and Worker consistently implement the selected coupled reorganization and remove the inherited Departament.java filename/type mismatch.,2026-08-12T15:09:54Z
scenario_28,codex_reviewer_2,1,accept,yes,yes,yes,yes,not_run,not_applicable,N:N,structural,The oracle consistently applies the selected Person removal and retains Address rather than mixing in the competing DetailedAddress/Profile tree.,2026-08-12T15:09:54Z
scenario_29,codex_reviewer_2,1,accept,yes,yes,yes,yes,not_run,not_applicable,N:N,structural,Employee is retained while Organization and Position incorporate the selected right-side decomposition responsibilities.,2026-08-12T15:09:54Z
scenario_30,codex_reviewer_2,1,accept,yes,yes,yes,yes,not_run,not_applicable,N:N,structural,The selected Contact/Person model consistently propagates email removal instead of mixing it with the competing User/UserContact reorganization.,2026-08-12T15:09:54Z
scenario_31,codex_reviewer_2,1,needs_revision,no,yes,yes,yes,not_run,not_applicable,N:N,structural,The oracle copies the right tree without mapping the compatible left additions Customer.email and Order.orderDate into Client and Purchase.,2026-08-12T15:09:54Z
scenario_32,codex_reviewer_2,1,needs_revision,no,no,yes,yes,not_run,not_applicable,N:N,structural,Course plus StudentDetails loses the student's identity fields even though id and name/fullName survive in both branches; add a resolved identity artifact and update the declared tree.,2026-08-12T15:09:54Z
scenario_33,codex_reviewer_2,1,accept,yes,yes,yes,yes,not_run,not_applicable,N:N,structural,The oracle consistently selects Profile/User and preserves the left-side email and joinDate additions over the competing Account/UserProfile model.,2026-08-12T15:09:54Z
scenario_34,codex_reviewer_2,1,needs_revision,no,yes,yes,yes,not_run,not_applicable,1:1,behavioral,The oracle is identical to the right branch and discards the left premium price tiers; combine tiered discounts with the MAX_DISCOUNT cap.,2026-08-12T15:09:54Z
scenario_35,codex_reviewer_2,1,accept,yes,yes,yes,yes,not_run,not_applicable,1:1,behavioral,The 18-to-150 constraint subsumes the compatible left non-negative constraint and coherently resolves both validations.,2026-08-12T15:09:54Z
scenario_36,codex_reviewer_2,1,accept,yes,yes,yes,yes,not_run,not_applicable,N:N,behavioral,Singleton access and reset coexist coherently with the public driver-aware constructor and complete factory API.,2026-08-12T15:09:54Z
scenario_37,codex_reviewer_2,1,accept,yes,yes,yes,yes,not_run,not_applicable,1:N,behavioral,LinkedHashSet preserves uniqueness and deterministic order while defensive list and set views reconcile the incompatible getMembers return types.,2026-08-12T15:09:54Z
scenario_38,codex_reviewer_2,1,accept,yes,yes,yes,yes,not_run,not_applicable,N:N,behavioral,"Configurable exception/boolean handling integrates username, email, password, business, logging, and range validations from both branches.",2026-08-12T15:09:54Z
scenario_39,codex_reviewer_2,1,needs_revision,no,yes,no,yes,not_run,not_applicable,N:N,behavioral,"Recurring configuration occurs after total calculation, so changed cycles and payment methods do not affect the current total; the oracle also invents unsupported compromise tax, hybrid bonuses, credit limits, and upgrade rules.",2026-08-12T15:09:54Z
scenario_10,codex_reviewer_1,2,accept,yes,yes,yes,yes,not_run,not_applicable,1:1,structural,The revised oracle retains only branch-supported constructors and combines the complete accessors with the left textual representation.,2026-08-12T16:27:44Z
scenario_12,codex_reviewer_1,2,accept,yes,yes,yes,yes,not_run,not_applicable,1:N,behavioral,"The revised tree now contains AuditLogger, all four validators, ValidationException, and the integrated OrderService with consistent filenames and public types.",2026-08-12T16:27:44Z
scenario_14,codex_reviewer_1,2,accept,yes,yes,yes,yes,not_run,not_applicable,1:N,structural,The revised PersonalInfo propagates fullName while retaining the ContactDetails decomposition.,2026-08-12T16:27:44Z
scenario_15,codex_reviewer_1,2,accept,yes,yes,yes,yes,not_run,not_applicable,1:N,structural,The revised ContactInfo propagates getPhoneNumber and setPhoneNumber through the decomposition.,2026-08-12T16:27:44Z
scenario_17,codex_reviewer_1,2,accept,yes,yes,yes,yes,not_run,not_applicable,1:N,structural,The oracle now consistently names the right-side retained identity artifact PersonIdentity.java and retains ContactMethods.,2026-08-12T16:27:44Z
scenario_21,codex_reviewer_1,2,accept,yes,yes,yes,yes,not_run,not_applicable,1:N,structural,The revised Identity preserves id and name while propagating the left removal of birthDate.,2026-08-12T16:27:44Z
scenario_24,codex_reviewer_1,2,accept,yes,yes,yes,yes,not_run,not_applicable,N:N,structural,The revised Client and Location tree preserves city in Location and retains the coupled reorganization.,2026-08-12T16:27:44Z
scenario_26,codex_reviewer_1,2,accept,yes,yes,yes,yes,not_run,not_applicable,N:N,structural,The Customer.java filename now matches its public Customer type and the selected Customer and Order field changes remain intact.,2026-08-12T16:27:44Z
scenario_31,codex_reviewer_1,2,accept,yes,yes,yes,yes,not_run,not_applicable,N:N,structural,The revised tree maps email into Client and orderDate into Purchase while retaining Item and the right-side decomposition.,2026-08-12T16:27:44Z
scenario_32,codex_reviewer_1,2,accept,yes,yes,yes,yes,not_run,not_applicable,N:N,structural,The revised tree preserves student identity in Learner and retains both Course and StudentDetails.,2026-08-12T16:27:44Z
scenario_34,codex_reviewer_1,2,accept,yes,yes,yes,yes,not_run,not_applicable,1:1,behavioral,The revised calculation combines the left premium tiers with the right MAX_DISCOUNT cap.,2026-08-12T16:27:44Z
scenario_39,codex_reviewer_1,2,accept,yes,yes,yes,yes,not_run,not_applicable,N:N,behavioral,The revised oracle uses only traceable branch policies and applies recurring configuration before the current total without invented cross-system bonuses.,2026-08-12T16:27:44Z
scenario_10,codex_reviewer_2,2,accept,yes,yes,yes,yes,not_run,not_applicable,1:1,structural,No unsupported four-argument constructor remains; the resulting Person API is directly traceable to the two branches.,2026-08-12T16:27:44Z
scenario_12,codex_reviewer_2,2,accept,yes,yes,yes,yes,not_run,not_applicable,1:N,behavioral,Every helper referenced by OrderService is present and the corrected ValidationException filename matches its declaration.,2026-08-12T16:27:44Z
scenario_14,codex_reviewer_2,2,accept,yes,yes,yes,yes,not_run,not_applicable,1:N,structural,The left fullName change is now propagated into PersonalInfo without disturbing ContactDetails.,2026-08-12T16:27:44Z
scenario_15,codex_reviewer_2,2,accept,yes,yes,yes,yes,not_run,not_applicable,1:N,structural,ContactInfo now incorporates the compatible phone-accessor rename from the left branch.,2026-08-12T16:27:44Z
scenario_17,codex_reviewer_2,2,accept,yes,yes,yes,yes,not_run,not_applicable,1:N,structural,The filename and public type are consistent and the declared resolution explicitly selects the right decomposition over removal.,2026-08-12T16:27:44Z
scenario_21,codex_reviewer_2,2,accept,yes,yes,yes,yes,not_run,not_applicable,1:N,structural,birthDate no longer survives the left-side removal and the remaining identity/contact split is complete.,2026-08-12T16:27:44Z
scenario_24,codex_reviewer_2,2,accept,yes,yes,yes,yes,not_run,not_applicable,N:N,structural,city is now retained in Location alongside street while Client preserves the person identity fields.,2026-08-12T16:27:44Z
scenario_26,codex_reviewer_2,2,accept,yes,yes,yes,yes,not_run,not_applicable,N:N,structural,Customer.java and Order.java form a complete type-consistent oracle for the selected field changes.,2026-08-12T16:27:44Z
scenario_31,codex_reviewer_2,2,accept,yes,yes,yes,yes,not_run,not_applicable,N:N,structural,"Client now carries email, Purchase carries orderDate, and all three artifacts required by the decomposition are present.",2026-08-12T16:27:44Z
scenario_32,codex_reviewer_2,2,accept,yes,yes,yes,yes,not_run,not_applicable,N:N,structural,Learner restores id and fullName while Course and StudentDetails retain the complementary branch-defined artifacts.,2026-08-12T16:27:44Z
scenario_34,codex_reviewer_2,2,accept,yes,yes,yes,yes,not_run,not_applicable,1:1,behavioral,The oracle retains all left-side tier thresholds and applies the right-side maximum cap to the computed discount.,2026-08-12T16:27:44Z
scenario_39,codex_reviewer_2,2,accept,yes,yes,yes,yes,not_run,not_applicable,N:N,behavioral,The revised six-file tree preserves both branch feature sets under documented conflict choices and removes the unsupported compromise policies.,2026-08-12T16:27:44Z
